ID,PRICE
1,5.75
2,6.5
3,7.25
4,8.0
5,8.75
6,9.5
7,10.25
8,11.0
9,11.75
10,12.5
11,13.25
12,14.0
13,14.75
14,15.5
15,16.25
16,17.0
17,17.75
18,18.5
19,19.25
20,20.0
21,20.75
22,21.5
23,22.25
24,23.0
25,23.75
26,24.5
27,25.25
28,26.0
29,26.75
30,27.5
31,28.25
32,29.0
33,29.75
34,30.5
35,31.25
36,32.0
37,32.75
38,33.5
39,34.25
40,35.0
41,35.75
42,36.5
43,37.25
44,38.0
45,38.75
46,39.5
47,40.25
48,41.0
49,41.75
50,42.5
